Customer ID,Customer Name ,,,,,,,,,,,,,,,,,,,,,,,,
NH-18610,Aavesh Kumar,,,,,,,,,,,,,,,,,,,,,,,,
FG-14260,Abdul Arbaz,,,,,,,,,,,,,,,,,,,,,,,,
CA-11965,Abdul Hassan,,,,,,,,,,,,,,,,,,,,,,,,
RA-19915,Abdul Rehman,,,,,,,,,,,,,,,,,,,,,,,,
JF-15490,Abdul Vahid,,,,,,,,,,,,,,,,,,,,,,,,
BV-11245,Abhash Lochan,,,,,,,,,,,,,,,,,,,,,,,,
RB-19360,Abhisek Sharma,,,,,,,,,,,,,,,,,,,,,,,,
SC-20440,Abhishek Bajwan,,,,,,,,,,,,,,,,,,,,,,,,
MS-17830,Abhishek Kapor,,,,,,,,,,,,,,,,,,,,,,,,
RL-19615,Abishek Kumar,,,,,,,,,,,,,,,,,,,,,,,,
GM-14680,Adesh Kumar,,,,,,,,,,,,,,,,,,,,,,,,
YS-21880,Adhish Kumar,,,,,,,,,,,,,,,,,,,,,,,,
TP-21130,Aditya Pathak,,,,,,,,,,,,,,,,,,,,,,,,
GZ-14545,Aditya Sharma,,,,,,,,,,,,,,,,,,,,,,,,
DW-13585,Aditya Som,,,,,,,,,,,,,,,,,,,,,,,,
DS-13030,Aejaz Khan,,,,,,,,,,,,,,,,,,,,,,,,
IM-15070,Afzal Ali,,,,,,,,,,,,,,,,,,,,,,,,
JS-15595,Ahmed Ansari,,,,,,,,,,,,,,,,,,,,,,,,
PJ-19015,Sunil Jat,,,,,,,,,,,,,,,,,,,,,,,,
CS-12250,Aijay Jaiswal,,,,,,,,,,,,,,,,,,,,,,,,
TS-21370,Ajay Bairagi,,,,,,,,,,,,,,,,,,,,,,,,
JL-15850,Ajay Chand,,,,,,,,,,,,,,,,,,,,,,,,
PS-19045,Ajay Kumar Mishra,,,,,,,,,,,,,,,,,,,,,,,,
PW-19240,Ajay Mishra,,,,,,,,,,,,,,,,,,,,,,,,
GD-14590,Ajit Kumar,,,,,,,,,,,,,,,,,,,,,,,,
KB-16315,Akash Gupta,,,,,,,,,,,,,,,,,,,,,,,,
SC-20695,Akif Mohammad,,,,,,,,,,,,,,,,,,,,,,,,
NP-18700,AloK Awasthi,,,,,,,,,,,,,,,,,,,,,,,,
EH-13990,Ali Warish,,,,,,,,,,,,,,,,,,,,,,,,
TP-21415,Alijan Mansuri,,,,,,,,,,,,,,,,,,,,,,,,
HF-14995,Kamre Alam,,,,,,,,,,,,,,,,,,,,,,,,
DK-13150,Alok Singh,,,,,,,,,,,,,,,,,,,,,,,,
CS-11845,Alok Yadav,,,,,,,,,,,,,,,,,,,,,,,,
ME-18010,Aman Bhatt,,,,,,,,,,,,,,,,,,,,,,,,
RB-19435,Chander Singh,,,,,,,,,,,,,,,,,,,,,,,,
SW-20245,Aman Mandal,,,,,,,,,,,,,,,,,,,,,,,,
AG-10675,Aman Puri,,,,,,,,,,,,,,,,,,,,,,,,
DP-13000,Aman Saroj,,,,,,,,,,,,,,,,,,,,,,,,
LH-17155,Amar Deep,,,,,,,,,,,,,,,,,,,,,,,,
DL-13315,Amit Pal,,,,,,,,,,,,,,,,,,,,,,,,
EH-13765,Amit Sharma,,,,,,,,,,,,,,,,,,,,,,,,
WB-21850,Amit Verma,,,,,,,,,,,,,,,,,,,,,,,,
DF-13135,Amjad Khan,,,,,,,,,,,,,,,,,,,,,,,,
CC-12685,Amol Mishra,,,,,,,,,,,,,,,,,,,,,,,,
DR-12940,Anand Goswami,,,,,,,,,,,,,,,,,,,,,,,,
KA-16525,Anand Msingh,,,,,,,,,,,,,,,,,,,,,,,,
GA-14515,Anand Shahy,,,,,,,,,,,,,,,,,,,,,,,,
SH-19975,Anil Bhayana,,,,,,,,,,,,,,,,,,,,,,,,
DB-13615,Anil Chodhari,,,,,,,,,,,,,,,,,,,,,,,,
CM-11935,Anil Kumar Sain,,,,,,,,,,,,,,,,,,,,,,,,
RP-19855,Mukul Kumar,,,,,,,,,,,,,,,,,,,,,,,,
KT-16465,Anil Kumar Yadav,,,,,,,,,,,,,,,,,,,,,,,,
AM-10360,Anil Mandal,,,,,,,,,,,,,,,,,,,,,,,,
EB-14110,Anil Singh Maharwar,,,,,,,,,,,,,,,,,,,,,,,,
LE-16810,Ankit Tiwari,,,,,,,,,,,,,,,,,,,,,,,,
EH-14185,Arjun Giri,,,,,,,,,,,,,,,,,,,,,,,,
AC-10660,Arshad Khan,,,,,,,,,,,,,,,,,,,,,,,,
RM-19675,Arun Dabas,,,,,,,,,,,,,,,,,,,,,,,,
TB-21400,Arun Gupta,,,,,,,,,,,,,,,,,,,,,,,,
MY-17380,Arun Yadav,,,,,,,,,,,,,,,,,,,,,,,,
DL-12925,Arvind Kumar Yadav,,,,,,,,,,,,,,,,,,,,,,,,
JF-15355,Asgar Ali,,,,,,,,,,,,,,,,,,,,,,,,
KW-16435,Ashish Kumar,,,,,,,,,,,,,,,,,,,,,,,,
JB-16045,Ashish Vajpay,,,,,,,,,,,,,,,,,,,,,,,,
MB-17305,Ashish Yadav,,,,,,,,,,,,,,,,,,,,,,,,
JC-15340,Ashok Agrrwal,,,,,,,,,,,,,,,,,,,,,,,,
SS-20515,Ashok Kumar S/O La Jeet,,,,,,,,,,,,,,,,,,,,,,,,
AH-10585,Ashok Meena,,,,,,,,,,,,,,,,,,,,,,,,
BO-11425,Ashok Paswan,,,,,,,,,,,,,,,,,,,,,,,,
NF-18595,Ashok Thru,,,,,,,,,,,,,,,,,,,,,,,,
KC-16255,Ashshwer Parsad,,,,,,,,,,,,,,,,,,,,,,,,
BN-11515,Ashutosh Sharma,,,,,,,,,,,,,,,,,,,,,,,,
RP-19390,Asiwani Kumar,,,,,,,,,,,,,,,,,,,,,,,,
BT-11305,Aslam Allam,,,,,,,,,,,,,,,,,,,,,,,,
AJ-10795,Atul Rathor,,,,,,,,,,,,,,,,,,,,,,,,
TA-21385,Ram Darshan,,,,,,,,,,,,,,,,,,,,,,,,
DB-13360,Avdesh Kumar Yadav,,,,,,,,,,,,,,,,,,,,,,,,
SC-20305,Avdesh Singh Tomar,,,,,,,,,,,,,,,,,,,,,,,,
AS-10225,Avnish Kumar,,,,,,,,,,,,,,,,,,,,,,,,
TB-21250,Avtar Singh,,,,,,,,,,,,,,,,,,,,,,,,
RB-19465,Awedhesh Kumar,,,,,,,,,,,,,,,,,,,,,,,,
DK-12835,Azad Hussain,,,,,,,,,,,,,,,,,,,,,,,,
EM-14140,Azhar Khan,,,,,,,,,,,,,,,,,,,,,,,,
DJ-13630,Bablu Mishra,,,,,,,,,,,,,,,,,,,,,,,,
DB-13270,Bacche Singh,,,,,,,,,,,,,,,,,,,,,,,,
JK-15730,Badri Meena,,,,,,,,,,,,,,,,,,,,,,,,
BD-11770,Shiva Kumar,,,,,,,,,,,,,,,,,,,,,,,,
ED-13885,Bagwan Das,,,,,,,,,,,,,,,,,,,,,,,,
LR-17035,Bahadur Singh,,,,,,,,,,,,,,,,,,,,,,,,
DB-12970,Bahrat Panday,,,,,,,,,,,,,,,,,,,,,,,,
RS-19420,Baichan Pando,,,,,,,,,,,,,,,,,,,,,,,,
EB-13705,Balmiki Chauhan S/O Budhan Chauhan,,,,,,,,,,,,,,,,,,,,,,,,
JS-15880,Balveer Sing Chawla,,,,,,,,,,,,,,,,,,,,,,,,
BD-11560,Balwan Khar,,,,,,,,,,,,,,,,,,,,,,,,
TT-21220,Balwant Ray Arora,,,,,,,,,,,,,,,,,,,,,,,,
PB-19210,Barkat Tulla,,,,,,,,,,,,,,,,,,,,,,,,
TC-21535,Beekar Singh,,,,,,,,,,,,,,,,,,,,,,,,
AR-10570,Bhagvati Parsad,,,,,,,,,,,,,,,,,,,,,,,,
DV-13045,Devinder Singh,,,,,,,,,,,,,,,,,,,,,,,,
JM-15865,Bhagwat Laxman Rany,,,,,,,,,,,,,,,,,,,,,,,,
ML-17395,Bhajan Singh Rodhan,,,,,,,,,,,,,,,,,,,,,,,,
RW-19630,Bhani Ram,,,,,,,,,,,,,,,,,,,,,,,,
JH-15910,Bhanu Pratap Singh,,,,,,,,,,,,,,,,,,,,,,,,
PO-19195,Bhanvar Singh,,,,,,,,,,,,,,,,,,,,,,,,
JH-15985,Bhanwar Lal Vesnav,,,,,,,,,,,,,,,,,,,,,,,,
PB-19105,Bharat Bhushan,,,,,,,,,,,,,,,,,,,,,,,,
MF-18250,Bharat Dendor,,,,,,,,,,,,,,,,,,,,,,,,
LC-16870,Bhavuk Goel,,,,,,,,,,,,,,,,,,,,,,,,
JC-15385,Bhiva Ram,,,,,,,,,,,,,,,,,,,,,,,,
BE-11410,Bhola Sarkar,,,,,,,,,,,,,,,,,,,,,,,,
BF-11005,Bholaram Yadav,,,,,,,,,,,,,,,,,,,,,,,,
CM-12190,Bhupender Singh,,,,,,,,,,,,,,,,,,,,,,,,
HK-14890,Bhupendra Urf Anku,,,,,,,,,,,,,,,,,,,,,,,,
BM-11140,Bhura Khan,,,,,,,,,,,,,,,,,,,,,,,,
MM-17920,Bhuri Singh,,,,,,,,,,,,,,,,,,,,,,,,
SO-20335,Bijender Singh,,,,,,,,,,,,,,,,,,,,,,,,
LD-17005,Birajpal Singh,,,,,,,,,,,,,,,,,,,,,,,,
CA-12055,Birjesh Kumar,,,,,,,,,,,,,,,,,,,,,,,,
JB-15400,Bobi Khan,,,,,,,,,,,,,,,,,,,,,,,,
PJ-18835,Brij Bhusan Sharma,,,,,,,,,,,,,,,,,,,,,,,,
PS-18760,Chabi Lal,,,,,,,,,,,,,,,,,,,,,,,,
MG-18145,Chanda Ram,,,,,,,,,,,,,,,,,,,,,,,,
MC-18100,Chandan Adiwasi,,,,,,,,,,,,,,,,,,,,,,,,
MH-17455,Chandan Kumar,,,,,,,,,,,,,,,,,,,,,,,,
JE-15715,Chandan Singh,,,,,,,,,,,,,,,,,,,,,,,,
GB-14575,Chander Prakash,,,,,,,,,,,,,,,,,,,,,,,,
ML-18265,Chander Shekar,,,,,,,,,,,,,,,,,,,,,,,,
RD-19810,Chander Swaroop,,,,,,,,,,,,,,,,,,,,,,,,
PF-19165,Chandra Mohan Saden,,,,,,,,,,,,,,,,,,,,,,,,
DB-13060,Chandrashekhar Saini,,,,,,,,,,,,,,,,,,,,,,,,
BS-11800,Chetan Chawla,,,,,,,,,,,,,,,,,,,,,,,,
BT-11395,Chetan Pandey,,,,,,,,,,,,,,,,,,,,,,,,
JW-16075,Chetan Verma,,,,,,,,,,,,,,,,,,,,,,,,
CP-12085,Chitprit Singh,,,,,,,,,,,,,,,,,,,,,,,,
JK-16090,Chottu Shah,,,,,,,,,,,,,,,,,,,,,,,,
CC-12100,Chtar Singh,,,,,,,,,,,,,,,,,,,,,,,,
MS-17710,Chtarpal Singh,,,,,,,,,,,,,,,,,,,,,,,,
CA-12775,Ct. Shyam Lal,,,,,,,,,,,,,,,,,,,,,,,,
MM-18055,Dakshina Murthi,,,,,,,,,,,,,,,,,,,,,,,,
KC-16540,Dal Bahadur Thapa,,,,,,,,,,,,,,,,,,,,,,,,
CM-12235,Dal Chand,,,,,,,,,,,,,,,,,,,,,,,,
NZ-18565,Dalip Kumar,,,,,,,,,,,,,,,,,,,,,,,,
GR-14560,Dalip Shah,,,,,,,,,,,,,,,,,,,,,,,,
CS-11860,Danveer Singh,,,,,,,,,,,,,,,,,,,,,,,,
CC-12220,Daya Anand,,,,,,,,,,,,,,,,,,,,,,,,
CA-12310,Daya Nand,,,,,,,,,,,,,,,,,,,,,,,,
CS-12490,Dayal Singh B,,,,,,,,,,,,,,,,,,,,,,,,
KD-16270,Deepak Garg,,,,,,,,,,,,,,,,,,,,,,,,
MF-17665,Ashok Goswami,,,,,,,,,,,,,,,,,,,,,,,,
RW-19540,Deepak Prasad,,,,,,,,,,,,,,,,,,,,,,,,
BM-11575,Deepak Tiwari,,,,,,,,,,,,,,,,,,,,,,,,
BF-10975,Deepak Tomar,,,,,,,,,,,,,,,,,,,,,,,,
LA-16780,Deewan Singh,,,,,,,,,,,,,,,,,,,,,,,,
NC-18340,Deva Ram,,,,,,,,,,,,,,,,,,,,,,,,
DP-13390,Devendra Singh,,,,,,,,,,,,,,,,,,,,,,,,
NM-18520,Dhanna Lal,,,,,,,,,,,,,,,,,,,,,,,,
EB-13975,Dharam Pal,,,,,,,,,,,,,,,,,,,,,,,,
DA-13450,Dharma Ram,,,,,,,,,,,,,,,,,,,,,,,,
JD-16150,Dharmender S/O,,,,,,,,,,,,,,,,,,,,,,,,
MH-17440,Dheeraj Meena,,,,,,,,,,,,,,,,,,,,,,,,
SF-20200,Dheerendra Tiwari,,,,,,,,,,,,,,,,,,,,,,,,
PM-18940,Dhiraj Panday,,,,,,,,,,,,,,,,,,,,,,,,
HJ-14875,Dhrmveer Singh,,,,,,,,,,,,,,,,,,,,,,,,
RS-19765,Dhruv Goel,,,,,,,,,,,,,,,,,,,,,,,,
TM-21490,Dhuruv Shetty,,,,,,,,,,,,,,,,,,,,,,,,
SM-20005,Md Imran,,,,,,,,,,,,,,,,,,,,,,,,
CR-12820,Dilip Kumar Bhattacharjee,,,,,,,,,,,,,,,,,,,,,,,,
BF-11080,Dinesh Katara,,,,,,,,,,,,,,,,,,,,,,,,
HM-14980,Dinesh Kumar,,,,,,,,,,,,,,,,,,,,,,,,
LH-16900,Dinesh Kumar Dogra,,,,,,,,,,,,,,,,,,,,,,,,
MD-17860,Dinesh Singh,,,,,,,,,,,,,,,,,,,,,,,,
BD-11620,Dinesh Tyagi,,,,,,,,,,,,,,,,,,,,,,,,
JR-15670,Divaie Chand,,,,,,,,,,,,,,,,,,,,,,,,
DM-12955,Divakar Sharma,,,,,,,,,,,,,,,,,,,,,,,,
CD-11980,Diwakar Sinha,,,,,,,,,,,,,,,,,,,,,,,,
AS-10090,Diwan Singh,,,,,,,,,,,,,,,,,,,,,,,,
SC-20380,Harbir Singh,,,,,,,,,,,,,,,,,,,,,,,,
RR-19315,Dord Yadav,,,,,,,,,,,,,,,,,,,,,,,,
MA-17995,Dular Mohd.,,,,,,,,,,,,,,,,,,,,,,,,
SW-20350,Dund Kishan,,,,,,,,,,,,,,,,,,,,,,,,
RO-19780,Emilia Toppo,,,,,,,,,,,,,,,,,,,,,,,,
BW-11065,Emran Kha,,,,,,,,,,,,,,,,,,,,,,,,
KM-16660,Mohit Chaudhary,,,,,,,,,,,,,,,,,,,,,,,,
PO-18850,Fakir Singh Rawat,,,,,,,,,,,,,,,,,,,,,,,,
SF-20965,Gaffar Sardar,,,,,,,,,,,,,,,,,,,,,,,,
HG-14845,Ganeshi Dass,,,,,,,,,,,,,,,,,,,,,,,,
MS-17980,Gaurav Rawat,,,,,,,,,,,,,,,,,,,,,,,,
SK-19990,Gautam Kumar,,,,,,,,,,,,,,,,,,,,,,,,
AW-10930,Giri Raj,,,,,,,,,,,,,,,,,,,,,,,,
BW-11200,Girish Chander Kapadi,,,,,,,,,,,,,,,,,,,,,,,,
KH-16330,Girish Chandra,,,,,,,,,,,,,,,,,,,,,,,,
AF-10870,Asha Ram,,,,,,,,,,,,,,,,,,,,,,,,
RE-19405,Girwer Singh,,,,,,,,,,,,,,,,,,,,,,,,
AA-10375,Goopi Ram,,,,,,,,,,,,,,,,,,,,,,,,
NS-18640,Gopal Singh,,,,,,,,,,,,,,,,,,,,,,,,
SB-20170,Gopi Chand Jain,,,,,,,,,,,,,,,,,,,,,,,,
JG-15805,Gora Singh,,,,,,,,,,,,,,,,,,,,,,,,
LW-16990,Gordhan Das,,,,,,,,,,,,,,,,,,,,,,,,
DB-13405,Gorv Sharma,,,,,,,,,,,,,,,,,,,,,,,,
SC-20845,Govind Rao,,,,,,,,,,,,,,,,,,,,,,,,
AJ-10960,Gs-1957975 Sunil Kumar Vaag,,,,,,,,,,,,,,,,,,,,,,,,
SG-20080,Gufran Khan,,,,,,,,,,,,,,,,,,,,,,,,
SL-20155,Gulshan Bhola,,,,,,,,,,,,,,,,,,,,,,,,
SC-20020,Gulshan Chadda,,,,,,,,,,,,,,,,,,,,,,,,
LM-17065,Gulshan Sehrawat,,,,,,,,,,,,,,,,,,,,,,,,
KL-16645,Gyan Prakash,,,,,,,,,,,,,,,,,,,,,,,,
AB-10150,Harbhajan Singh,,,,,,,,,,,,,,,,,,,,,,,,
VT-21700,Hardik Yadav,,,,,,,,,,,,,,,,,,,,,,,,
ON-18715,Harendra Singh,,,,,,,,,,,,,,,,,,,,,,,,
NS-18505,Hareshwar Prasad,,,,,,,,,,,,,,,,,,,,,,,,
SV-20935,Hariram S/0,,,,,,,,,,,,,,,,,,,,,,,,
IG-15085,Harish Kumar Pandey,,,,,,,,,,,,,,,,,,,,,,,,
FO-14305,Harman Singh,,,,,,,,,,,,,,,,,,,,,,,,
AI-10855,Harnam Singh,,,,,,,,,,,,,,,,,,,,,,,,
HW-14935,Harpreet Dham,,,,,,,,,,,,,,,,,,,,,,,,
EM-14200,Harsh Dagar,,,,,,,,,,,,,,,,,,,,,,,,
EB-13840,Nadeem Kha,,,,,,,,,,,,,,,,,,,,,,,,
XP-21865,Hasibul Khan,,,,,,,,,,,,,,,,,,,,,,,,
MZ-17335,Heera Parsad Chouchan,,,,,,,,,,,,,,,,,,,,,,,,
CS-12355,Himanshu Mahajan,,,,,,,,,,,,,,,,,,,,,,,,
BT-11680,Hitender Garg,,,,,,,,,,,,,,,,,,,,,,,,
DM-13015,Imran Khureshi,,,,,,,,,,,,,,,,,,,,,,,,
SR-20740,Inder Dev Singh,,,,,,,,,,,,,,,,,,,,,,,,
GW-14605,Indraj Singh,,,,,,,,,,,,,,,,,,,,,,,,
AP-10915,Injmam Akhtar,,,,,,,,,,,,,,,,,,,,,,,,
AJ-10780,Irsad Khan,,,,,,,,,,,,,,,,,,,,,,,,
CB-12535,Jag Mohan,,,,,,,,,,,,,,,,,,,,,,,,
MK-18160,Jagdish Lal,,,,,,,,,,,,,,,,,,,,,,,,
Dp-13240,Jagtar Singh,,,,,,,,,,,,,,,,,,,,,,,,
BD-11635,Jahir Ahmad,,,,,,,,,,,,,,,,,,,,,,,,
JG-15160,Jai Kumar,,,,,,,,,,,,,,,,,,,,,,,,
JE-15610,Jai Kumar Gupta,,,,,,,,,,,,,,,,,,,,,,,,
JK-15205,Jai Parkash,,,,,,,,,,,,,,,,,,,,,,,,
RB-19570,Jai Prakash,,,,,,,,,,,,,,,,,,,,,,,,
MV-18190,Jalwad Hushen,,,,,,,,,,,,,,,,,,,,,,,,
JH-15430,Jamir Ahmad,,,,,,,,,,,,,,,,,,,,,,,,
TB-21175,Jaswant Singh,,,,,,,,,,,,,,,,,,,,,,,,
RF-19840,Jat Ram,,,,,,,,,,,,,,,,,,,,,,,,
RB-19330,Jatin Sharma,,,,,,,,,,,,,,,,,,,,,,,,
RD-19900,Javed Siafi,,,,,,,,,,,,,,,,,,,,,,,,
LP-17095,Jawahar Lal Mittal,,,,,,,,,,,,,,,,,,,,,,,,
ES-14020,Jay Bhagwan,,,,,,,,,,,,,,,,,,,,,,,,
EG-13900,Jay Kumar,,,,,,,,,,,,,,,,,,,,,,,,
NG-18430,Jay Narayan,,,,,,,,,,,,,,,,,,,,,,,,
AS-10285,Jeet Singh Ramola,,,,,,,,,,,,,,,,,,,,,,,,
SM-20905,Jeetu Gautam,,,,,,,,,,,,,,,,,,,,,,,,
RD-19585,Jitender Agarwal,,,,,,,,,,,,,,,,,,,,,,,,
JW-15955,Jitender Sharma,,,,,,,,,,,,,,,,,,,,,,,,
AH-10195,Jitender Yadav,,,,,,,,,,,,,,,,,,,,,,,,
JS-15685,Jitendra Yadav,,,,,,,,,,,,,,,,,,,,,,,,
PG-18895,Jitesh Agarwal,,,,,,,,,,,,,,,,,,,,,,,,
PK-18910,Jiya Rahman,,,,,,,,,,,,,,,,,,,,,,,,
LD-16855,Jogender Kumar,,,,,,,,,,,,,,,,,,,,,,,,
JB-16000,Gurpreet Singh,,,,,,,,,,,,,,,,,,,,,,,,
FC-14335,Jogender Singh,,,,,,,,,,,,,,,,,,,,,,,,
SV-20785,Jot Ram,,,,,,,,,,,,,,,,,,,,,,,,
NF-18385,Joy Amal,,,,,,,,,,,,,,,,,,,,,,,,
LB-16735,Jyoti Prakash,,,,,,,,,,,,,,,,,,,,,,,,
MV-17485,Jyoti Prasad,,,,,,,,,,,,,,,,,,,,,,,,
CS-12460,Suja Ram,,,,,,,,,,,,,,,,,,,,,,,,
MC-17605,Jyoti Swroop,,,,,,,,,,,,,,,,,,,,,,,,
LL-16840,Kailash Chand Jain,,,,,,,,,,,,,,,,,,,,,,,,
CK-12595,Kailash Chand Verma,,,,,,,,,,,,,,,,,,,,,,,,
RM-19750,Kailash Kumar,,,,,,,,,,,,,,,,,,,,,,,,
MC-17590,Kalap Nath Yadav,,,,,,,,,,,,,,,,,,,,,,,,
MG-17695,Kalu Luhar,,,,,,,,,,,,,,,,,,,,,,,,
BF-11020,Kalyan Datt Sharma,,,,,,,,,,,,,,,,,,,,,,,,
NC-18625,Kamal Singh,,,,,,,,,,,,,,,,,,,,,,,,
CM-12445,Kamal Kishor,,,,,,,,,,,,,,,,,,,,,,,,
LC-16930,Kamal Sharma,,,,,,,,,,,,,,,,,,,,,,,,
ML-17755,Kamal Shayam Sukha,,,,,,,,,,,,,,,,,,,,,,,,
RD-19720,Kamla Prasad,,,,,,,,,,,,,,,,,,,,,,,,
JM-16195,Kanhaiya Sharma,,,,,,,,,,,,,,,,,,,,,,,,
DO-13435,Kanta Prasad,,,,,,,,,,,,,,,,,,,,,,,,
TH-21550,Kapil Dev,,,,,,,,,,,,,,,,,,,,,,,,
AA-10315,Karan Bajaj,,,,,,,,,,,,,,,,,,,,,,,,
EH-14005,Naresh Yadav,,,,,,,,,,,,,,,,,,,,,,,,
DM-13345,Karan Gulyani,,,,,,,,,,,,,,,,,,,,,,,,
SC-20725,Hanif Khan,,,,,,,,,,,,,,,,,,,,,,,,
RW-19690,Karishan Lal,,,,,,,,,,,,,,,,,,,,,,,,
SG-20890,Karmveer Singh Negi,,,,,,,,,,,,,,,,,,,,,,,,
JM-15250,Kartik Pawar,,,,,,,,,,,,,,,,,,,,,,,,
LH-17020,Kashi V,,,,,,,,,,,,,,,,,,,,,,,,
CT-11995,Kawa Lal,,,,,,,,,,,,,,,,,,,,,,,,
EH-14125,Suresh Kumar Jain,,,,,,,,,,,,,,,,,,,,,,,,
JK-15640,Kesav Mehta S/O Bhupender Mehta,,,,,,,,,,,,,,,,,,,,,,,,
MN-17935,Keshav Dutt,,,,,,,,,,,,,,,,,,,,,,,,
GZ-14470,Khadak Singh,,,,,,,,,,,,,,,,,,,,,,,,
CC-12430,Khajan Singh,,,,,,,,,,,,,,,,,,,,,,,,
EJ-13720,Khushal Mani,,,,,,,,,,,,,,,,,,,,,,,,
LW-17215,Kiran Or Vikram,,,,,,,,,,,,,,,,,,,,,,,,
PP-18955,Kirashan Avatar Gupta,,,,,,,,,,,,,,,,,,,,,,,,
AB-10105,Kishan Rai,,,,,,,,,,,,,,,,,,,,,,,,
CM-12160,Kishan Soni,,,,,,,,,,,,,,,,,,,,,,,,
GM-14695,Kishor Saini,,,,,,,,,,,,,,,,,,,,,,,,
BS-11590,Km Arti,,,,,,,,,,,,,,,,,,,,,,,,
TT-21070,Krisana Braman,,,,,,,,,,,,,,,,,,,,,,,,
MK-17905,Krishan Kumar,,,,,,,,,,,,,,,,,,,,,,,,
MO-17950,Krishan Parkash,,,,,,,,,,,,,,,,,,,,,,,,
AR-10825,Kuldeep Gupta,,,,,,,,,,,,,,,,,,,,,,,,
TB-21520,Kumari Sona,,,,,,,,,,,,,,,,,,,,,,,,
GM-14500,Kunal Sharma,,,,,,,,,,,,,,,,,,,,,,,,
BT-11485,Kundan Raj,,,,,,,,,,,,,,,,,,,,,,,,
GM-14455,Gopiram Atal,,,,,,,,,,,,,,,,,,,,,,,,
NL-18310,Kunj Bihari,,,,,,,,,,,,,,,,,,,,,,,,
LS-16975,Laka Ram,,,,,,,,,,,,,,,,,,,,,,,,
JP-15520,Lal Ji Parshad,,,,,,,,,,,,,,,,,,,,,,,,
RF-19345,Akhilesh Yadav,,,,,,,,,,,,,,,,,,,,,,,,
ST-20530,Lalan Devi,,,,,,,,,,,,,,,,,,,,,,,,
RE-19450,Lalit Sharma,,,,,,,,,,,,,,,,,,,,,,,,
DG-13300,Laltha Prashad,,,,,,,,,,,,,,,,,,,,,,,,
LR-16915,Laxman Kumar,,,,,,,,,,,,,,,,,,,,,,,,
DB-13210,Laxman Singh,,,,,,,,,,,,,,,,,,,,,,,,
SW-20755,Layman Paswan,,,,,,,,,,,,,,,,,,,,,,,,
MS-17365,Maan Singh,,,,,,,,,,,,,,,,,,,,,,,,
AH-10210,Maatwar Singh,,,,,,,,,,,,,,,,,,,,,,,,
CK-12325,Madan Kumar,,,,,,,,,,,,,,,,,,,,,,,,
TP-21565,Mahender Sahani,,,,,,,,,,,,,,,,,,,,,,,,
DM-13525,Mahendra Singh,,,,,,,,,,,,,,,,,,,,,,,,
TC-21295,Mahendra Yadav,,,,,,,,,,,,,,,,,,,,,,,,
CJ-12010,Mahesh Balwani,,,,,,,,,,,,,,,,,,,,,,,,
PF-19225,Mahesh Kumar Yogi,,,,,,,,,,,,,,,,,,,,,,,,
SB-20290,Mahinder Bhakuni,,,,,,,,,,,,,,,,,,,,,,,,
SP-20545,Mahinder Yadav,,,,,,,,,,,,,,,,,,,,,,,,
DB-12910,Malkiat Singh,,,,,,,,,,,,,,,,,,,,,,,,
PM-19135,Mamu Ram,,,,,,,,,,,,,,,,,,,,,,,,
BO-11350,Kundan Singh,,,,,,,,,,,,,,,,,,,,,,,,
BP-11290,Mani Manohar Prasad,,,,,,,,,,,,,,,,,,,,,,,,
SC-20095,Manish Bansal,,,,,,,,,,,,,,,,,,,,,,,,
DS-13180,Manish Garg,,,,,,,,,,,,,,,,,,,,,,,,
ML-17410,Manish Kumar Sharma,,,,,,,,,,,,,,,,,,,,,,,,
CG-12040,Manish Maheshwari,,,,,,,,,,,,,,,,,,,,,,,,
DL-12865,Manisha Devi,,,,,,,,,,,,,,,,,,,,,,,,
SC-20230,Manmeet Singh Saini,,,,,,,,,,,,,,,,,,,,,,,,
JW-15220,Manoj Gupta,,,,,,,,,,,,,,,,,,,,,,,,
SE-20110,Manoj Jha,,,,,,,,,,,,,,,,,,,,,,,,
CL-11890,Manoj Khanduri,,,,,,,,,,,,,,,,,,,,,,,,
BF-11170,Manoj Kumar,,,,,,,,,,,,,,,,,,,,,,,,
TT-21460,Manoj Patra,,,,,,,,,,,,,,,,,,,,,,,,
CS-11950,Manoj Sethi,,,,,,,,,,,,,,,,,,,,,,,,
Co-12640,Manish Gautam,,,,,,,,,,,,,,,,,,,,,,,,
CM-12715,Mata Parsad,,,,,,,,,,,,,,,,,,,,,,,,
JS-16030,Rahul Kaushik,,,,,,,,,,,,,,,,,,,,,,,,
SS-20590,Matbar Singh,,,,,,,,,,,,,,,,,,,,,,,,
DH-13075,Mathura Singh,,,,,,,,,,,,,,,,,,,,,,,,
JK-15625,Boby Kumar Yadav,,,,,,,,,,,,,,,,,,,,,,,,
SV-20365,Md Aarif,,,,,,,,,,,,,,,,,,,,,,,,
TH-21235,Md Aktab Alam,,,,,,,,,,,,,,,,,,,,,,,,
AR-10510,Md Irfhan,,,,,,,,,,,,,,,,,,,,,,,,
DK-12895,Md Ramjani,,,,,,,,,,,,,,,,,,,,,,,,
MC-17845,Mani Kumar,,,,,,,,,,,,,,,,,,,,,,,,
EB-13750,Md Saeed,,,,,,,,,,,,,,,,,,,,,,,,
TB-21355,Md Sokat,,,,,,,,,,,,,,,,,,,,,,,,
TW-21025,Md Zahid,,,,,,,,,,,,,,,,,,,,,,,,
FH-14365,Md. Alikhan,,,,,,,,,,,,,,,,,,,,,,,,
PO-19180,Ranjeet S/O Mohan Paswan,,,,,,,,,,,,,,,,,,,,,,,,
FH-14275,Md. Jisan,,,,,,,,,,,,,,,,,,,,,,,,
EC-14050,Md. Sohail,,,,,,,,,,,,,,,,,,,,,,,,
EJ-14155,Meenu Kumar,,,,,,,,,,,,,,,,,,,,,,,,
MG-17650,Meera Devi,,,,,,,,,,,,,,,,,,,,,,,,
LT-16765,Meghanath Suwedi,,,,,,,,,,,,,,,,,,,,,,,,
TS-21610,Mehak Singh,,,,,,,,,,,,,,,,,,,,,,,,
BE-11455,Metily Ritayard Sonu Sharma,,,,,,,,,,,,,,,,,,,,,,,,
HR-14830,Mithlesh Kumar,,,,,,,,,,,,,,,,,,,,,,,,
FM-14380,Mnoj Sethi,,,,,,,,,,,,,,,,,,,,,,,,
RB-19795,Moh Arif,,,,,,,,,,,,,,,,,,,,,,,,
MP-17965,Moh. Ali,,,,,,,,,,,,,,,,,,,,,,,,
JL-15175,Moh. Raees,,,,,,,,,,,,,,,,,,,,,,,,
TB-21595,Mohamad Faisal,,,,,,,,,,,,,,,,,,,,,,,,
JH-15820,Mohamad Sajid,,,,,,,,,,,,,,,,,,,,,,,,
SG-20470,Mohd Nadeem,,,,,,,,,,,,,,,,,,,,,,,,
JL-15835,Mohammad Ali,,,,,,,,,,,,,,,,,,,,,,,,
EH-13945,Mohammad Humayoun,,,,,,,,,,,,,,,,,,,,,,,,
KH-16630,Mohammad Rasid,,,,,,,,,,,,,,,,,,,,,,,,
CW-11905,Mohd Abusala,,,,,,,,,,,,,,,,,,,,,,,,
AR-10345,Mohd Faijan,,,,,,,,,,,,,,,,,,,,,,,,
TG-21310,Mohd Hasnain,,,,,,,,,,,,,,,,,,,,,,,,
PC-19000,Mohd Kausar,,,,,,,,,,,,,,,,,,,,,,,,
BS-11755,Damanjeet Singh,,,,,,,,,,,,,,,,,,,,,,,,
AS-10630,Mohd Mujahid Ansari,,,,,,,,,,,,,,,,,,,,,,,,
DN-13690,Mohd Noman,,,,,,,,,,,,,,,,,,,,,,,,
SR-20425,Mohd Rahim S/O Mohd Akbar,,,,,,,,,,,,,,,,,,,,,,,,
JR-15700,Mohd Sabir Anjar,,,,,,,,,,,,,,,,,,,,,,,,
AG-10495,Mohd Sarfraj,,,,,,,,,,,,,,,,,,,,,,,,
JK-15370,Mohd Tausif,,,,,,,,,,,,,,,,,,,,,,,,
MH-17620,Mohd Umar,,,,,,,,,,,,,,,,,,,,,,,,
BM-11650,Mohd. Aajam,,,,,,,,,,,,,,,,,,,,,,,,
DB-13555,Mohd. Fazil,,,,,,,,,,,,,,,,,,,,,,,,
SG-20605,Mohd. Gulzar,,,,,,,,,,,,,,,,,,,,,,,,
SV-20815,Mohd. Haider,,,,,,,,,,,,,,,,,,,,,,,,
TD-20995,Mohd. Izhar,,,,,,,,,,,,,,,,,,,,,,,,
ND-18460,Vicky K.C,,,,,,,,,,,,,,,,,,,,,,,,
JA-15970,Mohd. Latif,,,,,,,,,,,,,,,,,,,,,,,,
MC-17275,Mohd. Samad,,,,,,,,,,,,,,,,,,,,,,,,
EM-13810,Shiv Achariy,,,,,,,,,,,,,,,,,,,,,,,,
TS-21160,Mohd. Sameer,,,,,,,,,,,,,,,,,,,,,,,,
DH-13675,Mohd. Sultan,,,,,,,,,,,,,,,,,,,,,,,,
BK-11260,Mohd. Used,,,,,,,,,,,,,,,,,,,,,,,,
HE-14800,Mangal Chand,,,,,,,,,,,,,,,,,,,,,,,,
KN-16390,Mohd. Yusuf,,,,,,,,,,,,,,,,,,,,,,,,
KN-16450,Mohit Agnihothri,,,,,,,,,,,,,,,,,,,,,,,,
LC-17050,Saleem Qureshi,,,,,,,,,,,,,,,,,,,,,,,,
AA-10480,Mohit Bedi,,,,,,,,,,,,,,,,,,,,,,,,
BF-11215,Mohit Chauhan,,,,,,,,,,,,,,,,,,,,,,,,
TG-21640,Mohit Yadav,,,,,,,,,,,,,,,,,,,,,,,,
MB-18085,Montu Verma,,,,,,,,,,,,,,,,,,,,,,,,
AG-10390,Monu Alias Kallan,,,,,,,,,,,,,,,,,,,,,,,,
RA-19945,Mool Chand Goyal,,,,,,,,,,,,,,,,,,,,,,,,
JG-15310,Mool Chand Sharma,,,,,,,,,,,,,,,,,,,,,,,,
SZ-20035,Mubashir Ali,,,,,,,,,,,,,,,,,,,,,,,,
SS-20140,Muhmad Aarif S/O Mu.Hashin Appar Bhktiyana Srinaga,,,,,,,,,,,,,,,,,,,,,,,,
VB-21745,Mukesh Gurjar,,,,,,,,,,,,,,,,,,,,,,,,
CR-12580,Mukesh Kumar Negi,,,,,,,,,,,,,,,,,,,,,,,,
ND-18370,Mukesh Singh,,,,,,,,,,,,,,,,,,,,,,,,
JF-15190,Mukesh Sohli,,,,,,,,,,,,,,,,,,,,,,,,
CC-12370,Mukhtar Ahamed,,,,,,,,,,,,,,,,,,,,,,,,
CS-12400,Mukhtyar Hussain,,,,,,,,,,,,,,,,,,,,,,,,
EK-13795,Mul Chand,,,,,,,,,,,,,,,,,,,,,,,,
CM-12385,Mum And Singh,,,,,,,,,,,,,,,,,,,,,,,,
FA-14230,Mumtaj Ahmad,,,,,,,,,,,,,,,,,,,,,,,,
DJ-13420,Munder Lal,,,,,,,,,,,,,,,,,,,,,,,,
CS-12130,Munkad Ali,,,,,,,,,,,,,,,,,,,,,,,,
EM-13960,Munna Kumar,,,,,,,,,,,,,,,,,,,,,,,,
JB-15925,Munna Shah,,,,,,,,,,,,,,,,,,,,,,,,
PH-18790,Ct B Sathya Murti,,,,,,,,,,,,,,,,,,,,,,,,
BD-11605,Munnawar Ali,,,,,,,,,,,,,,,,,,,,,,,,
AH-10075,Muskan Varma,,,,,,,,,,,,,,,,,,,,,,,,
BT-11530,Muslim Shekh,,,,,,,,,,,,,,,,,,,,,,,,
MO-17800,Nagendra Parihar,,,,,,,,,,,,,,,,,,,,,,,,
VG-21805,Najar Hussan,,,,,,,,,,,,,,,,,,,,,,,,
RA-19285,Nanak Chand,,,,,,,,,,,,,,,,,,,,,,,,
HP-14815,Nanku Prasad,,,,,,,,,,,,,,,,,,,,,,,,
CC-12610,Nanu Ram,,,,,,,,,,,,,,,,,,,,,,,,
LW-16825,Narendra Kumar Jain,,,,,,,,,,,,,,,,,,,,,,,,
BC-11125,Naresh Kumar,,,,,,,,,,,,,,,,,,,,,,,,
KB-16600,Naresh Paswan,,,,,,,,,,,,,,,,,,,,,,,,
NF-18475,Naryan Singh,,,,,,,,,,,,,,,,,,,,,,,,
AR-10405,Nasir Husain,,,,,,,,,,,,,,,,,,,,,,,,
OT-18730,Natha Bhai Bachhani,,,,,,,,,,,,,,,,,,,,,,,,
NP-18670,Naveen Chandra Pandey,,,,,,,,,,,,,,,,,,,,,,,,
KL-16555,Naveen Singh,,,,,,,,,,,,,,,,,,,,,,,,
GH-14485,Navneet Giri,,,,,,,,,,,,,,,,,,,,,,,,
JP-16135,Neeraj Kumar,,,,,,,,,,,,,,,,,,,,,,,,
AS-10240,Neeraj Sahgal,,,,,,,,,,,,,,,,,,,,,,,,
ME-17320,Nej Bahadur Thapa,,,,,,,,,,,,,,,,,,,,,,,,
AG-10900,Neki Ram,,,,,,,,,,,,,,,,,,,,,,,,
PF-19120,Nikhil Yadav,,,,,,,,,,,,,,,,,,,,,,,,
CL-12565,Nilu Giri,,,,,,,,,,,,,,,,,,,,,,,,
TS-21340,Niranjan Day,,,,,,,,,,,,,,,,,,,,,,,,
CS-12175,Niranjan Lal Saini,,,,,,,,,,,,,,,,,,,,,,,,
FH-14350,Nirbhay Tiwari,,,,,,,,,,,,,,,,,,,,,,,,
PK-19075,Nitesh Shyam,,,,,,,,,,,,,,,,,,,,,,,,
TZ-21580,Noor Ahmed,,,,,,,,,,,,,,,,,,,,,,,,
SJ-20500,Noor Alam,,,,,,,,,,,,,,,,,,,,,,,,
QJ-19255,Noor Hassan,,,,,,,,,,,,,,,,,,,,,,,,
LB-16795,Noor Mohammad,,,,,,,,,,,,,,,,,,,,,,,,
TS-21655,Nur Ahmad,,,,,,,,,,,,,,,,,,,,,,,,
VD-21670,Om Pal,,,,,,,,,,,,,,,,,,,,,,,,
RH-19600,Omjone Ibanuil,,,,,,,,,,,,,,,,,,,,,,,,
RS-19870,P. Murgesh,,,,,,,,,,,,,,,,,,,,,,,,
LC-16960,Pankaj Gautam,,,,,,,,,,,,,,,,,,,,,,,,
CY-12745,Pankaj Sehgal,,,,,,,,,,,,,,,,,,,,,,,,
KH-16510,Panna Lal,,,,,,,,,,,,,,,,,,,,,,,,
SM-20950,Papuu Luhar,,,,,,,,,,,,,,,,,,,,,,,,
JF-15565,Parashu Ram Sharma,,,,,,,,,,,,,,,,,,,,,,,,
TN-21040,Pardeep Kumar,,,,,,,,,,,,,,,,,,,,,,,,
AT-10435,Pardeep Mohauti,,,,,,,,,,,,,,,,,,,,,,,,
MC-18130,Pareen Bhardwajd,,,,,,,,,,,,,,,,,,,,,,,,
PV-18985,Parem Varma,,,,,,,,,,,,,,,,,,,,,,,,
DK-13375,Parkash Agarwal,,,,,,,,,,,,,,,,,,,,,,,,
KF-16285,Parmod Kumar,,,,,,,,,,,,,,,,,,,,,,,,
SA-20830,Parmod Kamat,,,,,,,,,,,,,,,,,,,,,,,,
TC-21145,Parmod Sharma,,,,,,,,,,,,,,,,,,,,,,,,
AD-10180,Parshant Sharma,,,,,,,,,,,,,,,,,,,,,,,,
DK-13090,Parvej Alam,,,,,,,,,,,,,,,,,,,,,,,,
VG-21790,Pawan Alias Lakshman,,,,,,,,,,,,,,,,,,,,,,,,
CJ-11875,Pawan Lakhwani,,,,,,,,,,,,,,,,,,,,,,,,
CD-11920,Pera Chandra,,,,,,,,,,,,,,,,,,,,,,,,
SC-20770,Permeshwar Parsad,,,,,,,,,,,,,,,,,,,,,,,,
RC-19960,Piyush Anand,,,,,,,,,,,,,,,,,,,,,,,,
TH-21100,Pooran Chand Sharma,,,,,,,,,,,,,,,,,,,,,,,,
JH-16180,Pradeep Rawat,,,,,,,,,,,,,,,,,,,,,,,,
CM-12115,Mohd Masoom Billa,,,,,,,,,,,,,,,,,,,,,,,,
KM-16375,Pradeep Yadav,,,,,,,,,,,,,,,,,,,,,,,,
NM-18445,Prakash Chand Meena,,,,,,,,,,,,,,,,,,,,,,,,
MG-18205,Prakash Prajapt,,,,,,,,,,,,,,,,,,,,,,,,
BP-11050,Pravendra Singhal,,,,,,,,,,,,,,,,,,,,,,,,
AC-10615,Prem Kuwar,,,,,,,,,,,,,,,,,,,,,,,,
DV-13465,Prem Singh Chauhan,,,,,,,,,,,,,,,,,,,,,,,,
PA-19060,Puran Singh,,,,,,,,,,,,,,,,,,,,,,,,
FW-14395,Pyar Mohmad,,,,,,,,,,,,,,,,,,,,,,,,
MH-18025,Rabpreet Singh,,,,,,,,,,,,,,,,,,,,,,,,
JF-15415,Radhey Shyam,,,,,,,,,,,,,,,,,,,,,,,,
NP-18685,Raghuveer Singh,,,,,,,,,,,,,,,,,,,,,,,,
CC-12550,Rahul Parikh,,,,,,,,,,,,,,,,,,,,,,,,
ER-13855,Rahul Shukla,,,,,,,,,,,,,,,,,,,,,,,,
CB-12415,Rahul Tiwari,,,,,,,,,,,,,,,,,,,,,,,,
KB-16585,Raj A,,,,,,,,,,,,,,,,,,,,,,,,
GT-14755,Raj Kapoor,,,,,,,,,,,,,,,,,,,,,,,,
VP-21730,Raj Kishore,,,,,,,,,,,,,,,,,,,,,,,,
HH-15010,Raja Kumar,,,,,,,,,,,,,,,,,,,,,,,,
DP-13165,Raja Kumar Thakur,,,,,,,,,,,,,,,,,,,,,,,,
KC-16675,Rajan Kumar,,,,,,,,,,,,,,,,,,,,,,,,
BP-11185,Rajat Dahiya,,,,,,,,,,,,,,,,,,,,,,,,
CL-12700,Rajat Maheshwari,,,,,,,,,,,,,,,,,,,,,,,,
AA-10645,Rajdev Bind,,,,,,,,,,,,,,,,,,,,,,,,
KD-16345,Rajeev Jha,,,,,,,,,,,,,,,,,,,,,,,,
ZC-21910,Rajeev Kumal,,,,,,,,,,,,,,,,,,,,,,,,
EP-13915,Rajeev Kumar Sehti,,,,,,,,,,,,,,,,,,,,,,,,
DK-12985,Rajeev Lochan,,,,,,,,,,,,,,,,,,,,,,,,
DB-13120,Rajeev Sharma,,,,,,,,,,,,,,,,,,,,,,,,
RD-19930,Rajeev Singh,,,,,,,,,,,,,,,,,,,,,,,,
RH-19510,Rajeev Verma,,,,,,,,,,,,,,,,,,,,,,,,
SN-20710,Rajendar Prasad,,,,,,,,,,,,,,,,,,,,,,,,
GB-14530,Rajender Kumar,,,,,,,,,,,,,,,,,,,,,,,,
JE-15745,Dauad Beg,,,,,,,,,,,,,,,,,,,,,,,,
SB-20185,Rajendra Singh,,,,,,,,,,,,,,,,,,,,,,,,
MC-17425,Rajesh Garg,,,,,,,,,,,,,,,,,,,,,,,,
JK-16120,Rajesh God,,,,,,,,,,,,,,,,,,,,,,,,
BD-11320,Rajesh James,,,,,,,,,,,,,,,,,,,,,,,,
VM-21835,Rajesh Kumar Paswan,,,,,,,,,,,,,,,,,,,,,,,,
MZ-17515,Rajesh Kumawat,,,,,,,,,,,,,,,,,,,,,,,,
GA-14725,Amin Urf Baba,,,,,,,,,,,,,,,,,,,,,,,,
AC-10420,Rajesh Paswan,,,,,,,,,,,,,,,,,,,,,,,,
EM-14065,Rajesh Ram,,,,,,,,,,,,,,,,,,,,,,,,
KE-16420,Rajiv Shah,,,,,,,,,,,,,,,,,,,,,,,,
DO-13645,Rajkumar Bhil,,,,,,,,,,,,,,,,,,,,,,,,
BB-10990,Rajeev Gupta,,,,,,,,,,,,,,,,,,,,,,,,
SM-20320,Rajnish Gupta,,,,,,,,,,,,,,,,,,,,,,,,
SC-20680,Rajnish Kumar,,,,,,,,,,,,,,,,,,,,,,,,
SP-20920,Raju Ninama,,,,,,,,,,,,,,,,,,,,,,,,
RC-19825,Raju Ram So Harlal Ji Bishnoi R/O Ramesh Colony Sa,,,,,,,,,,,,,,,,,,,,,,,,
AP-10720,Raju Verma,,,,,,,,,,,,,,,,,,,,,,,,
JD-15895,Tara Singh Rawat,,,,,,,,,,,,,,,,,,,,,,,,
RP-19270,Raju Yadav,,,,,,,,,,,,,,,,,,,,,,,,
NP-18325,Dwarka Parsad,,,,,,,,,,,,,,,,,,,,,,,,
MD-17350,Rajveer Singh,,,,,,,,,,,,,,,,,,,,,,,,
JO-15145,Vikash Arora,,,,,,,,,,,,,,,,,,,,,,,,
MR-17545,Rakesh Khatik,,,,,,,,,,,,,,,,,,,,,,,,
DE-13255,Rakesh Kumar,,,,,,,,,,,,,,,,,,,,,,,,
AS-10135,Rakshit Singh,,,,,,,,,,,,,,,,,,,,,,,,
AR-10540,Ram Kishore,,,,,,,,,,,,,,,,,,,,,,,,
SC-20575,Ram Kumar Sharma,,,,,,,,,,,,,,,,,,,,,,,,
CC-12145,Ram Narayan,,,,,,,,,,,,,,,,,,,,,,,,
AG-10765,Ram Prakash,,,,,,,,,,,,,,,,,,,,,,,,
DL-13330,Ram Subhak,,,,,,,,,,,,,,,,,,,,,,,,
PC-18745,Rama Ram,,,,,,,,,,,,,,,,,,,,,,,,
RD-19480,Raman S/O Gavinder And Ansh S/O Farukh Khan,,,,,,,,,,,,,,,,,,,,,,,,
RA-19885,Raman Verma,,,,,,,,,,,,,,,,,,,,,,,,
LS-17230,Ramdas Mahadw Kamble,,,,,,,,,,,,,,,,,,,,,,,,
JL-15130,Ramdin Verma,,,,,,,,,,,,,,,,,,,,,,,,
HA-14905,Ramesh Kuamar,,,,,,,,,,,,,,,,,,,,,,,,
ES-14080,Ramesh Tiwari,,,,,,,,,,,,,,,,,,,,,,,,
MS-17770,Ramjeet Thaukar,,,,,,,,,,,,,,,,,,,,,,,,
RR-19525,Ramji Lal,,,,,,,,,,,,,,,,,,,,,,,,
LP-17080,Ramkishan Gupta,,,,,,,,,,,,,,,,,,,,,,,,
BB-11545,Ramlakhan Yadav,,,,,,,,,,,,,,,,,,,,,,,,
MH-17785,Rampal Alis Ram Lal,,,,,,,,,,,,,,,,,,,,,,,,
JJ-15445,Ramswroop S/O Jaidev Mena,,,,,,,,,,,,,,,,,,,,,,,,
CG-12520,Pushkar Koshik,,,,,,,,,,,,,,,,,,,,,,,,
GH-14425,Ramu Dubey,,,,,,,,,,,,,,,,,,,,,,,,
AW-10840,Rana Gandhi,,,,,,,,,,,,,,,,,,,,,,,,
GM-14440,Randhir Ram,,,,,,,,,,,,,,,,,,,,,,,,
CA-12265,Ranjan Singh Rai,,,,,,,,,,,,,,,,,,,,,,,,
MP-17470,Rashid Hussain,,,,,,,,,,,,,,,,,,,,,,,,
SW-20455,Rathan Lal Ji,,,,,,,,,,,,,,,,,,,,,,,,
EB-14170,Ravi Bhushan,,,,,,,,,,,,,,,,,,,,,,,,
AM-10705,Ravi Dwivedi,,,,,,,,,,,,,,,,,,,,,,,,
JG-15115,Ravi Kumar Soni,,,,,,,,,,,,,,,,,,,,,,,,
JM-15535,Ravi Kumar Verma,,,,,,,,,,,,,,,,,,,,,,,,
JL-15505,Ravi Lohni,,,,,,,,,,,,,,,,,,,,,,,,
BS-11380,Ravi Parkash Solanki,,,,,,,,,,,,,,,,,,,,,,,,
VP-21760,Ravi Rakuwar,,,,,,,,,,,,,,,,,,,,,,,,
AB-10165,Ravi Rawat,,,,,,,,,,,,,,,,,,,,,,,,
LS-17200,Ravi Shankar,,,,,,,,,,,,,,,,,,,,,,,,
ME-17725,Ravi Sharma,,,,,,,,,,,,,,,,,,,,,,,,
BN-11470,Ravi Sinha,,,,,,,,,,,,,,,,,,,,,,,,
SF-20065,Ravinder Dhaka,,,,,,,,,,,,,,,,,,,,,,,,
AB-10255,Ravinder Singh,,,,,,,,,,,,,,,,,,,,,,,,
PS-18970,Rghuraj Singh,,,,,,,,,,,,,,,,,,,,,,,,
TH-21115,Rishabh Jain,,,,,,,,,,,,,,,,,,,,,,,,
GK-14620,Rishi Pal,,,,,,,,,,,,,,,,,,,,,,,,
MH-18115,Rishi Raj,,,,,,,,,,,,,,,,,,,,,,,,
BT-11440,Robin Master,,,,,,,,,,,,,,,,,,,,,,,,
KM-16720,Rocky Mehto,,,,,,,,,,,,,,,,,,,,,,,,
VS-21820,Rohit Sharma,,,,,,,,,,,,,,,,,,,,,,,,
NK-18490,Rudra Narayan Urf Sonu,,,,,,,,,,,,,,,,,,,,,,,,
AZ-10750,Sabbir Ahmad,,,,,,,,,,,,,,,,,,,,,,,,
MG-17680,Sachin Kumar,,,,,,,,,,,,,,,,,,,,,,,,
SC-20260,Sachin Kumar Garg,,,,,,,,,,,,,,,,,,,,,,,,
PB-18805,Sachin Pal,,,,,,,,,,,,,,,,,,,,,,,,
CB-12025,Sadur Rahman,,,,,,,,,,,,,,,,,,,,,,,,
AO-10810,Safe Akhter,,,,,,,,,,,,,,,,,,,,,,,,
JM-15655,Sahab Singh Alias Bitu,,,,,,,,,,,,,,,,,,,,,,,,
JD-15790,Sahadeb Bhuniya,,,,,,,,,,,,,,,,,,,,,,,,
JC-16105,Saleem Ansari,,,,,,,,,,,,,,,,,,,,,,,,
PT-19090,Salim Malik,,,,,,,,,,,,,,,,,,,,,,,,
CM-12655,Samar Singh,,,,,,,,,,,,,,,,,,,,,,,,
FM-14215,Sameem Ahmed,,,,,,,,,,,,,,,,,,,,,,,,
AF-10885,Samir Raj Pal,,,,,,,,,,,,,,,,,,,,,,,,
LT-17110,Samser Khan,,,,,,,,,,,,,,,,,,,,,,,,
MT-17815,Sanand Jha,,,,,,,,,,,,,,,,,,,,,,,,
JD-16060,Sandeep Kasera,,,,,,,,,,,,,,,,,,,,,,,,
SU-20665,Sanjai Sharma,,,,,,,,,,,,,,,,,,,,,,,,
CV-12805,Sanjay Bansal,,,,,,,,,,,,,,,,,,,,,,,,
JK-15325,Sanjay Bhati,,,,,,,,,,,,,,,,,,,,,,,,
MJ-17740,Sanjay Chug,,,,,,,,,,,,,,,,,,,,,,,,
LF-17185,Sanjay Gomes,,,,,,,,,,,,,,,,,,,,,,,,
CR-12730,Sanjay Manchanda,,,,,,,,,,,,,,,,,,,,,,,,
RH-19555,Sanjay Mashi,,,,,,,,,,,,,,,,,,,,,,,,
CP-12340,Sanjay Yadav,,,,,,,,,,,,,,,,,,,,,,,,
JD-16015,Sanjeev Rai,,,,,,,,,,,,,,,,,,,,,,,,
CC-12670,Sanjeev Tirpathi,,,,,,,,,,,,,,,,,,,,,,,,
GP-14740,Sanjiv Kumar,,,,,,,,,,,,,,,,,,,,,,,,
TS-21505,Sanoj Kumar,,,,,,,,,,,,,,,,,,,,,,,,
LO-17170,Gurmeet Sharma,,,,,,,,,,,,,,,,,,,,,,,,
HZ-14950,Sant Ram,,,,,,,,,,,,,,,,,,,,,,,,
MW-18220,Santosh Kumar Sukala,,,,,,,,,,,,,,,,,,,,,,,,
BE-11335,Santosh Kuumar,,,,,,,,,,,,,,,,,,,,,,,,
AG-10300,Santosh Mahto,,,,,,,,,,,,,,,,,,,,,,,,
TT-21265,Sunder Lal Mongia,,,,,,,,,,,,,,,,,,,,,,,,
RH-19495,Sanwar Lal,,,,,,,,,,,,,,,,,,,,,,,,
JS-15940,Sardar Pal Singh,,,,,,,,,,,,,,,,,,,,,,,,
AB-10060,Sarthak Dadwal,,,,,,,,,,,,,,,,,,,,,,,,
HG-15025,Sarvan Kumar,,,,,,,,,,,,,,,,,,,,,,,,
BW-11110,Sarvesh Kumar Pandey,,,,,,,,,,,,,,,,,,,,,,,,
MC-17635,Sarwan Kumar,,,,,,,,,,,,,,,,,,,,,,,,
AY-10555,Satendra Singh,,,,,,,,,,,,,,,,,,,,,,,,
LC-17140,Saurabh Beeryani,,,,,,,,,,,,,,,,,,,,,,,,
JM-15265,Saurabh Ujjwal,,,,,,,,,,,,,,,,,,,,,,,,
DR-12880,Sekha Nur Mohmad,,,,,,,,,,,,,,,,,,,,,,,,
MH-17290,Sh Birma,,,,,,,,,,,,,,,,,,,,,,,,
HD-14785,Sh Satpal,,,,,,,,,,,,,,,,,,,,,,,,
JJ-15760,Sh Vinod Kumar,,,,,,,,,,,,,,,,,,,,,,,,
SP-20860,Sh. Ram Bahadur,,,,,,,,,,,,,,,,,,,,,,,,
NB-18655,Shabi Rza,,,,,,,,,,,,,,,,,,,,,,,,
HA-14920,Shadab Ali,,,,,,,,,,,,,,,,,,,,,,,,
CH-12070,Shafi Mohd,,,,,,,,,,,,,,,,,,,,,,,,
HM-14860,Shah Ali,,,,,,,,,,,,,,,,,,,,,,,,
CM-11815,Shah Mohd,,,,,,,,,,,,,,,,,,,,,,,,
LS-17245,Shahnawaz Shah,,,,,,,,,,,,,,,,,,,,,,,,
EM-13825,Shakil Ahamad,,,,,,,,,,,,,,,,,,,,,,,,
KM-16225,Sham Singh,,,,,,,,,,,,,,,,,,,,,,,,
KS-16300,Shankar Sharma,,,,,,,,,,,,,,,,,,,,,,,,
TM-21010,Shankar Verma,,,,,,,,,,,,,,,,,,,,,,,,
CS-12505,Shankarlal S/O Sukharam,,,,,,,,,,,,,,,,,,,,,,,,
SH-20635,Shanti Lal,,,,,,,,,,,,,,,,,,,,,,,,
AH-10690,Sharat Chandran,,,,,,,,,,,,,,,,,,,,,,,,
BF-11275,Sharda Rao,,,,,,,,,,,,,,,,,,,,,,,,
KD-16615,Shashi Pandit,,,,,,,,,,,,,,,,,,,,,,,,
MO-17500,Shaukat Khan,,,,,,,,,,,,,,,,,,,,,,,,
MC-17575,Shayamveer Singh,,,,,,,,,,,,,,,,,,,,,,,,
AJ-10945,Sheeak Azzul Hak Rahaman,,,,,,,,,,,,,,,,,,,,,,,,
EN-13780,Fahim Ullah,,,,,,,,,,,,,,,,,,,,,,,,
AG-10330,Sheh Nawaz,,,,,,,,,,,,,,,,,,,,,,,,
LC-16885,Sheikh Sadam,,,,,,,,,,,,,,,,,,,,,,,,
TR-21325,Sheikhsai Ful,,,,,,,,,,,,,,,,,,,,,,,,
RB-19645,Shelender Yadav,,,,,,,,,,,,,,,,,,,,,,,,
SS-20875,Shishram Yadav,,,,,,,,,,,,,,,,,,,,,,,,
TB-21625,Shiv Charan,,,,,,,,,,,,,,,,,,,,,,,,
GG-14650,Shiv Kant Paswan,,,,,,,,,,,,,,,,,,,,,,,,
CD-12790,Shiv Mohan,,,,,,,,,,,,,,,,,,,,,,,,
MM-18280,Rahul Kumar Tiwari,,,,,,,,,,,,,,,,,,,,,,,,
DL-13495,Shivaji Rai,,,,,,,,,,,,,,,,,,,,,,,,
KB-16240,Shivam S/O,,,,,,,,,,,,,,,,,,,,,,,,
DW-13195,Shivam Shkula,,,,,,,,,,,,,,,,,,,,,,,,
JE-15475,Shoab Jamal,,,,,,,,,,,,,,,,,,,,,,,,
TS-21205,Shoan Singh Kandari,,,,,,,,,,,,,,,,,,,,,,,,
SS-20410,Shobhit Prsad,,,,,,,,,,,,,,,,,,,,,,,,
JF-15295,Shree Bhagwat Nishad,,,,,,,,,,,,,,,,,,,,,,,,
LS-16945,Shri Kishansingh,,,,,,,,,,,,,,,,,,,,,,,,
TC-20980,Shri Kistur Chand Jat,,,,,,,,,,,,,,,,,,,,,,,,
LW-17125,Shri Puran Singh Rawat,,,,,,,,,,,,,,,,,,,,,,,,
MT-18070,Shri Ram Mehto,,,,,,,,,,,,,,,,,,,,,,,,
RM-19375,Shri Ram Parkash,,,,,,,,,,,,,,,,,,,,,,,,
BP-11095,Shrinath Prasad Sharma,,,,,,,,,,,,,,,,,,,,,,,,
KT-16480,Shur Singh,,,,,,,,,,,,,,,,,,,,,,,,
BP-11230,Shyam Bihari,,,,,,,,,,,,,,,,,,,,,,,,
TC-21475,Shyam Bodha,,,,,,,,,,,,,,,,,,,,,,,,
FM-14290,Shyam Lal Meghawal,,,,,,,,,,,,,,,,,,,,,,,,
JC-15775,Shyam Lukka,,,,,,,,,,,,,,,,,,,,,,,,
MG-17875,Shyam Narain Pande,,,,,,,,,,,,,,,,,,,,,,,,
AS-10045,Sikander Pal,,,,,,,,,,,,,,,,,,,,,,,,
DK-13225,Siya Ram Gupta,,,,,,,,,,,,,,,,,,,,,,,,
JO-15280,Sk Abu Hasan,,,,,,,,,,,,,,,,,,,,,,,,
YC-21895,Smt. Pooja,,,,,,,,,,,,,,,,,,,,,,,,
DW-13540,Smt. Tamu,,,,,,,,,,,,,,,,,,,,,,,,
DC-13285,Sohnal Kumar Singh,,,,,,,,,,,,,,,,,,,,,,,,
VW-21775,Somnath Joshi,,,,,,,,,,,,,,,,,,,,,,,,
SH-20395,Sonu Pandey,,,,,,,,,,,,,,,,,,,,,,,,
KW-16570,Sorab Siaq,,,,,,,,,,,,,,,,,,,,,,,,
TS-21085,Sorabh Aggarwal,,,,,,,,,,,,,,,,,,,,,,,,
CR-12625,Sriniwash Sarama,,,,,,,,,,,,,,,,,,,,,,,,
SJ-20215,Subham Madhwal,,,,,,,,,,,,,,,,,,,,,,,,
SP-20650,Subhash Chand Bhatia,,,,,,,,,,,,,,,,,,,,,,,,
NC-18415,Subhash Rampal,,,,,,,,,,,,,,,,,,,,,,,,
PG-18820,Sukesh Kumar Choudhary,,,,,,,,,,,,,,,,,,,,,,,,
CC-12475,Sujeet Gupta,,,,,,,,,,,,,,,,,,,,,,,,
BH-11710,Sumer Singh,,,,,,,,,,,,,,,,,,,,,,,,
TB-21280,Sundar Singh,,,,,,,,,,,,,,,,,,,,,,,,
PN-18775,Chandra Shekar,,,,,,,,,,,,,,,,,,,,,,,,
PL-18925,Sunder Lal,,,,,,,,,,,,,,,,,,,,,,,,
CK-12205,Sunder Singh,,,,,,,,,,,,,,,,,,,,,,,,
TS-21430,Sunder Yadav,,,,,,,,,,,,,,,,,,,,,,,,
GH-14665,Abhishek Kumar,,,,,,,,,,,,,,,,,,,,,,,,
FP-14320,Suneel Chauhan,,,,,,,,,,,,,,,,,,,,,,,,
JM-15580,Sunil Kumar Bharati,,,,,,,,,,,,,,,,,,,,,,,,
ML-18040,Sunil Kumar Singh,,,,,,,,,,,,,,,,,,,,,,,,
NR-18550,Ganga Sahey,,,,,,,,,,,,,,,,,,,,,,,,
MY-18295,Sunil Mehta,,,,,,,,,,,,,,,,,,,,,,,,
MG-17890,Sunil Sharma,,,,,,,,,,,,,,,,,,,,,,,,
AT-10735,Suraj Kewat,,,,,,,,,,,,,,,,,,,,,,,,
NW-18400,Suraj Rathi,,,,,,,,,,,,,,,,,,,,,,,,
PW-19030,Suraj Sahay Sharma,,,,,,,,,,,,,,,,,,,,,,,,
MW-18235,Surender Pal,,,,,,,,,,,,,,,,,,,,,,,,
JE-16165,Surendera Saini,,,,,,,,,,,,,,,,,,,,,,,,
PB-19150,Sushail Singh,,,,,,,,,,,,,,,,,,,,,,,,
KH-16360,Sushil Gupta,,,,,,,,,,,,,,,,,,,,,,,,
SJ-20125,Taar Babu,,,,,,,,,,,,,,,,,,,,,,,,
GT-14710,Tanvir Ahmad,,,,,,,,,,,,,,,,,,,,,,,,
CV-12295,Tapender Upadyay,,,,,,,,,,,,,,,,,,,,,,,,
HL-15040,Tarun Kuamr,,,,,,,,,,,,,,,,,,,,,,,,
EA-14035,Tarun Soni,,,,,,,,,,,,,,,,,,,,,,,,
RK-19300,Tejpal Sharma,,,,,,,,,,,,,,,,,,,,,,,,
AG-10270,Tek Bahadur,,,,,,,,,,,,,,,,,,,,,,,,
AH-10030,Tirlok Joshi,,,,,,,,,,,,,,,,,,,,,,,,
Dl-13600,Tunda Urf Nathi,,,,,,,,,,,,,,,,,,,,,,,,
DP-13105,Tushal Bhandri,,,,,,,,,,,,,,,,,,,,,,,,
PO-18865,Tushar Bansal,,,,,,,,,,,,,,,,,,,,,,,,
MS-17530,Tushar Bhaskar,,,,,,,,,,,,,,,,,,,,,,,,
BD-11725,Udaiy Kumar,,,,,,,,,,,,,,,,,,,,,,,,
NB-18580,Uma Ram,,,,,,,,,,,,,,,,,,,,,,,,
BS-11365,Umesh Kumar,,,,,,,,,,,,,,,,,,,,,,,,
VM-21685,Umesh Yadav,,,,,,,,,,,,,,,,,,,,,,,,
ZD-21925,Upender Jha,,,,,,,,,,,,,,,,,,,,,,,,
GH-14410,Rahu Kumar,,,,,,,,,,,,,,,,,,,,,,,,
AH-10465,Upender Mehto,,,,,,,,,,,,,,,,,,,,,,,,
DW-13480,Upender Narayan Jha,,,,,,,,,,,,,,,,,,,,,,,,
BG-11035,Upender Singh,,,,,,,,,,,,,,,,,,,,,,,,
BS-11665,Urendra Gupta,,,,,,,,,,,,,,,,,,,,,,,,
LH-16750,Utkarsh Jha,,,,,,,,,,,,,,,,,,,,,,,,
BG-11695,Vandna Urf Meenu,,,,,,,,,,,,,,,,,,,,,,,,
AB-10600,Varun Anand,,,,,,,,,,,,,,,,,,,,,,,,
SW-20275,Varun S/O Mahinder Pal,,,,,,,,,,,,,,,,,,,,,,,,
MA-17560,Veepinchand Midas,,,,,,,,,,,,,,,,,,,,,,,,
SC-20800,Vidhi Singh,,,,,,,,,,,,,,,,,,,,,,,,
JL-15235,Vijay Kuma,,,,,,,,,,,,,,,,,,,,,,,,
EL-13735,Vijay Pratap,,,,,,,,,,,,,,,,,,,,,,,,
CK-12760,Vijay Rajpoot,,,,,,,,,,,,,,,,,,,,,,,,
JR-16210,Vijendra Singh Rajawat,,,,,,,,,,,,,,,,,,,,,,,,
SN-20560,Vikas Aggarwal,,,,,,,,,,,,,,,,,,,,,,,,
RB-19705,Vikas Gupta,,,,,,,,,,,,,,,,,,,,,,,,
JP-15460,Vikas Kumar & Bal Ram,,,,,,,,,,,,,,,,,,,,,,,,
KH-16690,Vikas Parshad,,,,,,,,,,,,,,,,,,,,,,,,
AC-10450,Vikas Rajpoot,,,,,,,,,,,,,,,,,,,,,,,,
MM-17260,Vikas S/O Akhilesh,,,,,,,,,,,,,,,,,,,,,,,,
KN-16705,Vikash Mirdha,,,,,,,,,,,,,,,,,,,,,,,,
BM-11785,Vikash Pandy,,,,,,,,,,,,,,,,,,,,,,,,
KB-16405,Vikram Singh Rajpoot,,,,,,,,,,,,,,,,,,,,,,,,
IM-15055,Vikrant Singh Panwar,,,,,,,,,,,,,,,,,,,,,,,,
NC-18535,Vinod Ahuja,,,,,,,,,,,,,,,,,,,,,,,,
HG-14965,Vinod Kaushik,,,,,,,,,,,,,,,,,,,,,,,,
DJ-13510,Vinod Sehgal,,,,,,,,,,,,,,,,,,,,,,,,
SD-20485,Vinod Verma,,,,,,,,,,,,,,,,,,,,,,,,
TB-21190,Vipin Pandey,,,,,,,,,,,,,,,,,,,,,,,,
BD-11500,Vipin S/O Virpal,,,,,,,,,,,,,,,,,,,,,,,,
TB-21055,Vipul Kumar,,,,,,,,,,,,,,,,,,,,,,,,
IL-15100,Vipun Kocher,,,,,,,,,,,,,,,,,,,,,,,,
DB-13660,Virat Bahadur,,,,,,,,,,,,,,,,,,,,,,,,
FC-14245,Ebane Ali,,,,,,,,,,,,,,,,,,,,,,,,
MP-18175,Virender Paswan,,,,,,,,,,,,,,,,,,,,,,,,
RF-19735,Kamaljeet Singh,,,,,,,,,,,,,,,,,,,,,,,,
RD-19660,Viresh Kumar,,,,,,,,,,,,,,,,,,,,,,,,
VF-21715,Visan Chetri,,,,,,,,,,,,,,,,,,,,,,,,
BG-11740,Vishal Anand,,,,,,,,,,,,,,,,,,,,,,,,
SP-20620,Vishal Chaudhary,,,,,,,,,,,,,,,,,,,,,,,,
AG-10525,Mukesh Bluni,,,,,,,,,,,,,,,,,,,,,,,,
JO-15550,Vishal Kumar,,,,,,,,,,,,,,,,,,,,,,,,
DC-12850,Vishal Singh,,,,,,,,,,,,,,,,,,,,,,,,
HR-14770,Vishnu Sharma,,,,,,,,,,,,,,,,,,,,,,,,
EB-13870,Vishwanath Mehto,,,,,,,,,,,,,,,,,,,,,,,,
AB-10015,Visvajeet Mandal,,,,,,,,,,,,,,,,,,,,,,,,
GT-14635,Vivek Kumar Gupta,,,,,,,,,,,,,,,,,,,,,,,,
SC-20050,Vivek Mohan Arya,,,,,,,,,,,,,,,,,,,,,,,,
EM-14095,Vivek Ratan,,,,,,,,,,,,,,,,,,,,,,,,
CD-12280,Wali Hadar,,,,,,,,,,,,,,,,,,,,,,,,
PR-18880,Yadho Lal,,,,,,,,,,,,,,,,,,,,,,,,
DD-13570,Yash Sharma,,,,,,,,,,,,,,,,,,,,,,,,
EB-13930,Yogender Kumar,,,,,,,,,,,,,,,,,,,,,,,,
AH-10120,Yogender Kumar Gupta,,,,,,,,,,,,,,,,,,,,,,,,
NG-18355,Yogendra Thakur,,,,,,,,,,,,,,,,,,,,,,,,
KD-16495,Yogesh Chandra Joshi,,,,,,,,,,,,,,,,,,,,,,,,
BP-11155,Yogesh Kumar,,,,,,,,,,,,,,,,,,,,,,,,
,,,,,,,,,,,,,,,,,,,,,,,,,
,,,,,,,,,,,,,,,,,,,,,,,,,
,,,,,,,,,,,,,,,,,,,,,,,,,
,,,,,,,,,,,,,,,,,,,,,,,,,
,,,,,,,,,,,,,,,,,,,,,,,,,
,,,,,,,,,,,,,,,,,,,,,,,,,
,,,,,,,,,,,,,,,,,,,,,,,,,
,,,,,,,,,,,,,,,,,,,,,,,,,
,,,,,,,,,,,,,,,,,,,,,,,,,
,,,,,,,,,,,,,,,,,,,,,,,,,
,,,,,,,,,,,,,,,,,,,,,,,,,
,,,,,,,,,,,,,,,,,,,,,,,,,
,,,,,,,,,,,,,,,,,,,,,,,,,
,,,,,,,,,,,,,,,,,,,,,,,,,
,,,,,,,,,,,,,,,,,,,,,,,,,
,,,,,,,,,,,,,,,,,,,,,,,,,
,,,,,,,,,,,,,,,,,,,,,,,,,
,,,,,,,,,,,,,,,,,,,,,,,,,
,,,,,,,,,,,,,,,,,,,,,,,,,
,,,,,,,,,,,,,,,,,,,,,,,,,
,,,,,,,,,,,,,,,,,,,,,,,,,
,,,,,,,,,,,,,,,,,,,,,,,,,
,,,,,,,,,,,,,,,,,,,,,,,,,
,,,,,,,,,,,,,,,,,,,,,,,,,
,,,,,,,,,,,,,,,,,,,,,,,,,
,,,,,,,,,,,,,,,,,,,,,,,,,
,,,,,,,,,,,,,,,,,,,,,,,,,
,,,,,,,,,,,,,,,,,,,,,,,,,
,,,,,,,,,,,,,,,,,,,,,,,,,
,,,,,,,,,,,,,,,,,,,,,,,,,
,,,,,,,,,,,,,,,,,,,,,,,,,
,,,,,,,,,,,,,,,,,,,,,,,,,
,,,,,,,,,,,,,,,,,,,,,,,,,
,,,,,,,,,,,,,,,,,,,,,,,,,
,,,,,,,,,,,,,,,,,,,,,,,,,
,,,,,,,,,,,,,,,,,,,,,,,,,
,,,,,,,,,,,,,,,,,,,,,,,,,
,,,,,,,,,,,,,,,,,,,,,,,,,
,,,,,,,,,,,,,,,,,,,,,,,,,
,,,,,,,,,,,,,,,,,,,,,,,,,
,,,,,,,,,,,,,,,,,,,,,,,,,
,,,,,,,,,,,,,,,,,,,,,,,,,
,,,,,,,,,,,,,,,,,,,,,,,,,
,,,,,,,,,,,,,,,,,,,,,,,,,
,,,,,,,,,,,,,,,,,,,,,,,,,
,,,,,,,,,,,,,,,,,,,,,,,,,
,,,,,,,,,,,,,,,,,,,,,,,,,
,,,,,,,,,,,,,,,,,,,,,,,,,
,,,,,,,,,,,,,,,,,,,,,,,,,
,,,,,,,,,,,,,,,,,,,,,,,,,
,,,,,,,,,,,,,,,,,,,,,,,,,
,,,,,,,,,,,,,,,,,,,,,,,,,
,,,,,,,,,,,,,,,,,,,,,,,,,
,,,,,,,,,,,,,,,,,,,,,,,,,
,,,,,,,,,,,,,,,,,,,,,,,,,
,,,,,,,,,,,,,,,,,,,,,,,,,
,,,,,,,,,,,,,,,,,,,,,,,,,
,,,,,,,,,,,,,,,,,,,,,,,,,
,,,,,,,,,,,,,,,,,,,,,,,,,
,,,,,,,,,,,,,,,,,,,,,,,,,
,,,,,,,,,,,,,,,,,,,,,,,,,
,,,,,,,,,,,,,,,,,,,,,,,,,
,,,,,,,,,,,,,,,,,,,,,,,,,
,,,,,,,,,,,,,,,,,,,,,,,,,
,,,,,,,,,,,,,,,,,,,,,,,,,
,,,,,,,,,,,,,,,,,,,,,,,,,
,,,,,,,,,,,,,,,,,,,,,,,,,
,,,,,,,,,,,,,,,,,,,,,,,,,
,,,,,,,,,,,,,,,,,,,,,,,,,
,,,,,,,,,,,,,,,,,,,,,,,,,
,,,,,,,,,,,,,,,,,,,,,,,,,
,,,,,,,,,,,,,,,,,,,,,,,,,
,,,,,,,,,,,,,,,,,,,,,,,,,
,,,,,,,,,,,,,,,,,,,,,,,,,
,,,,,,,,,,,,,,,,,,,,,,,,,
,,,,,,,,,,,,,,,,,,,,,,,,,
,,,,,,,,,,,,,,,,,,,,,,,,,
,,,,,,,,,,,,,,,,,,,,,,,,,
,,,,,,,,,,,,,,,,,,,,,,,,,
,,,,,,,,,,,,,,,,,,,,,,,,,
,,,,,,,,,,,,,,,,,,,,,,,,,
,,,,,,,,,,,,,,,,,,,,,,,,,
,,,,,,,,,,,,,,,,,,,,,,,,,
,,,,,,,,,,,,,,,,,,,,,,,,,
,,,,,,,,,,,,,,,,,,,,,,,,,
,,,,,,,,,,,,,,,,,,,,,,,,,
,,,,,,,,,,,,,,,,,,,,,,,,,
,,,,,,,,,,,,,,,,,,,,,,,,,
,,,,,,,,,,,,,,,,,,,,,,,,,
,,,,,,,,,,,,,,,,,,,,,,,,,
,,,,,,,,,,,,,,,,,,,,,,,,,
,,,,,,,,,,,,,,,,,,,,,,,,,
,,,,,,,,,,,,,,,,,,,,,,,,,
,,,,,,,,,,,,,,,,,,,,,,,,,
,,,,,,,,,,,,,,,,,,,,,,,,,
,,,,,,,,,,,,,,,,,,,,,,,,,
,,,,,,,,,,,,,,,,,,,,,,,,,
,,,,,,,,,,,,,,,,,,,,,,,,,
,,,,,,,,,,,,,,,,,,,,,,,,,
,,,,,,,,,,,,,,,,,,,,,,,,,
,,,,,,,,,,,,,,,,,,,,,,,,,
,,,,,,,,,,,,,,,,,,,,,,,,,
,,,,,,,,,,,,,,,,,,,,,,,,,
,,,,,,,,,,,,,,,,,,,,,,,,,
,,,,,,,,,,,,,,,,,,,,,,,,,
,,,,,,,,,,,,,,,,,,,,,,,,,
,,,,,,,,,,,,,,,,,,,,,,,,,
,,,,,,,,,,,,,,,,,,,,,,,,,
,,,,,,,,,,,,,,,,,,,,,,,,,
,,,,,,,,,,,,,,,,,,,,,,,,,
,,,,,,,,,,,,,,,,,,,,,,,,,
,,,,,,,,,,,,,,,,,,,,,,,,,
,,,,,,,,,,,,,,,,,,,,,,,,,
,,,,,,,,,,,,,,,,,,,,,,,,,
,,,,,,,,,,,,,,,,,,,,,,,,,
,,,,,,,,,,,,,,,,,,,,,,,,,
,,,,,,,,,,,,,,,,,,,,,,,,,
,,,,,,,,,,,,,,,,,,,,,,,,,
,,,,,,,,,,,,,,,,,,,,,,,,,
,,,,,,,,,,,,,,,,,,,,,,,,,
,,,,,,,,,,,,,,,,,,,,,,,,,
,,,,,,,,,,,,,,,,,,,,,,,,,
,,,,,,,,,,,,,,,,,,,,,,,,,
,,,,,,,,,,,,,,,,,,,,,,,,,
,,,,,,,,,,,,,,,,,,,,,,,,,
,,,,,,,,,,,,,,,,,,,,,,,,,
,,,,,,,,,,,,,,,,,,,,,,,,,
,,,,,,,,,,,,,,,,,,,,,,,,,
,,,,,,,,,,,,,,,,,,,,,,,,,
,,,,,,,,,,,,,,,,,,,,,,,,,
,,,,,,,,,,,,,,,,,,,,,,,,,
,,,,,,,,,,,,,,,,,,,,,,,,,
,,,,,,,,,,,,,,,,,,,,,,,,,
,,,,,,,,,,,,,,,,,,,,,,,,,
,,,,,,,,,,,,,,,,,,,,,,,,,
,,,,,,,,,,,,,,,,,,,,,,,,,
,,,,,,,,,,,,,,,,,,,,,,,,,
,,,,,,,,,,,,,,,,,,,,,,,,,
,,,,,,,,,,,,,,,,,,,,,,,,,
,,,,,,,,,,,,,,,,,,,,,,,,,
,,,,,,,,,,,,,,,,,,,,,,,,,
,,,,,,,,,,,,,,,,,,,,,,,,,
,,,,,,,,,,,,,,,,,,,,,,,,,
,,,,,,,,,,,,,,,,,,,,,,,,,
,,,,,,,,,,,,,,,,,,,,,,,,,
,,,,,,,,,,,,,,,,,,,,,,,,,
,,,,,,,,,,,,,,,,,,,,,,,,,
,,,,,,,,,,,,,,,,,,,,,,,,,
,,,,,,,,,,,,,,,,,,,,,,,,,
,,,,,,,,,,,,,,,,,,,,,,,,,
,,,,,,,,,,,,,,,,,,,,,,,,,
,,,,,,,,,,,,,,,,,,,,,,,,,
,,,,,,,,,,,,,,,,,,,,,,,,,
,,,,,,,,,,,,,,,,,,,,,,,,,
,,,,,,,,,,,,,,,,,,,,,,,,,
,,,,,,,,,,,,,,,,,,,,,,,,,
,,,,,,,,,,,,,,,,,,,,,,,,,
,,,,,,,,,,,,,,,,,,,,,,,,,
,,,,,,,,,,,,,,,,,,,,,,,,,
,,,,,,,,,,,,,,,,,,,,,,,,,
,,,,,,,,,,,,,,,,,,,,,,,,,
,,,,,,,,,,,,,,,,,,,,,,,,,
,,,,,,,,,,,,,,,,,,,,,,,,,
,,,,,,,,,,,,,,,,,,,,,,,,,
,,,,,,,,,,,,,,,,,,,,,,,,,
,,,,,,,,,,,,,,,,,,,,,,,,,
,,,,,,,,,,,,,,,,,,,,,,,,,
,,,,,,,,,,,,,,,,,,,,,,,,,
,,,,,,,,,,,,,,,,,,,,,,,,,
,,,,,,,,,,,,,,,,,,,,,,,,,
,,,,,,,,,,,,,,,,,,,,,,,,,
,,,,,,,,,,,,,,,,,,,,,,,,,
,,,,,,,,,,,,,,,,,,,,,,,,,
,,,,,,,,,,,,,,,,,,,,,,,,,
,,,,,,,,,,,,,,,,,,,,,,,,,
,,,,,,,,,,,,,,,,,,,,,,,,,
,,,,,,,,,,,,,,,,,,,,,,,,,
,,,,,,,,,,,,,,,,,,,,,,,,,
,,,,,,,,,,,,,,,,,,,,,,,,,
,,,,,,,,,,,,,,,,,,,,,,,,,
,,,,,,,,,,,,,,,,,,,,,,,,,
,,,,,,,,,,,,,,,,,,,,,,,,,
,,,,,,,,,,,,,,,,,,,,,,,,,
,,,,,,,,,,,,,,,,,,,,,,,,,
,,,,,,,,,,,,,,,,,,,,,,,,,
,,,,,,,,,,,,,,,,,,,,,,,,,
,,,,,,,,,,,,,,,,,,,,,,,,,
,,,,,,,,,,,,,,,,,,,,,,,,,
,,,,,,,,,,,,,,,,,,,,,,,,,
,,,,,,,,,,,,,,,,,,,,,,,,,
,,,,,,,,,,,,,,,,,,,,,,,,,
,,,,,,,,,,,,,,,,,,,,,,,,,
,,,,,,,,,,,,,,,,,,,,,,,,,
,,,,,,,,,,,,,,,,,,,,,,,,,
,,,,,,,,,,,,,,,,,,,,,,,,,
,,,,,,,,,,,,,,,,,,,,,,,,,
,,,,,,,,,,,,,,,,,,,,,,,,,
,,,,,,,,,,,,,,,,,,,,,,,,,
,,,,,,,,,,,,,,,,,,,,,,,,,
,,,,,,,,,,,,,,,,,,,,,,,,,
,,,,,,,,,,,,,,,,,,,,,,,,,
,,,,,,,,,,,,,,,,,,,,,,,,,
,,,,,,,,,,,,,,,,,,,,,,,,,
,,,,,,,,,,,,,,,,,,,,,,,,,
,,,,,,,,,,,,,,,,,,,,,,,,,
,,,,,,,,,,,,,,,,,,,,,,,,,
